{
    "unequal": 1,
    "n_neighbors": 3,
    "p": 2,
    "TN_v": 98,
    "TP_v": 50,
    "FP_v": 2,
    "FN_v": 0,
    "accuracy_v": 0.9866666666666667,
    "precision_v": 0.9615384615384616,
    "recall_v": 1.0,
    "F1_v": 0.9803921568627451
}