{
    "unequal": 1,
    "n_neighbors": 14,
    "p": 2,
    "TN_v": 95,
    "TP_v": 50,
    "FP_v": 5,
    "FN_v": 0,
    "accuracy_v": 0.9666666666666667,
    "precision_v": 0.9090909090909091,
    "recall_v": 1.0,
    "F1_v": 0.9523809523809523
}