{
    "unequal": 1,
    "n_neighbors": 6,
    "TN_v": 99,
    "TP_v": 43,
    "FP_v": 1,
    "FN_v": 7,
    "accuracy_v": 0.9466666666666667,
    "precision_v": 0.9772727272727273,
    "recall_v": 0.86,
    "F1_v": 0.9148936170212766,
    "TN_t": 147,
    "TP_t": 43,
    "FP_t": 3,
    "FN_t": 7,
    "accuracy_t": 0.95,
    "precision_t": 0.9347826086956522,
    "recall_t": 0.86,
    "F1_t": 0.8958333333333334
}