{
    "unequal": 1,
    "n_neighbors": 1,
    "TN_v": 98,
    "TP_v": 41,
    "FP_v": 2,
    "FN_v": 9,
    "accuracy_v": 0.9266666666666666,
    "precision_v": 0.9534883720930233,
    "recall_v": 0.82,
    "F1_v": 0.8817204301075269,
    "TN_t": 148,
    "TP_t": 41,
    "FP_t": 2,
    "FN_t": 9,
    "accuracy_t": 0.945,
    "precision_t": 0.9534883720930233,
    "recall_t": 0.82,
    "F1_t": 0.8817204301075269
}