{
    "unequal": 1,
    "n_neighbors": 3,
    "TN_v": 99,
    "TP_v": 44,
    "FP_v": 1,
    "FN_v": 6,
    "accuracy_v": 0.9533333333333334,
    "precision_v": 0.9777777777777777,
    "recall_v": 0.88,
    "F1_v": 0.9263157894736842,
    "TN_t": 148,
    "TP_t": 44,
    "FP_t": 2,
    "FN_t": 6,
    "accuracy_t": 0.96,
    "precision_t": 0.9565217391304348,
    "recall_t": 0.88,
    "F1_t": 0.9166666666666666
}