{
    "unequal": 1,
    "n_neighbors": 7,
    "TN_v": 97,
    "TP_v": 42,
    "FP_v": 3,
    "FN_v": 8,
    "accuracy_v": 0.9266666666666666,
    "precision_v": 0.9333333333333333,
    "recall_v": 0.84,
    "F1_v": 0.8842105263157894,
    "TN_t": 147,
    "TP_t": 42,
    "FP_t": 3,
    "FN_t": 8,
    "accuracy_t": 0.945,
    "precision_t": 0.9333333333333333,
    "recall_t": 0.84,
    "F1_t": 0.8842105263157894
}