{
    "unequal": 1,
    "n_neighbors": 7,
    "p": 1,
    "TN_v": 97,
    "TP_v": 50,
    "FP_v": 3,
    "FN_v": 0,
    "accuracy_v": 0.98,
    "precision_v": 0.9433962264150944,
    "recall_v": 1.0,
    "F1_v": 0.970873786407767
}