{
    "unequal": 1,
    "n_neighbors": 15,
    "TN_v": 96,
    "TP_v": 44,
    "FP_v": 4,
    "FN_v": 6,
    "accuracy_v": 0.9333333333333333,
    "precision_v": 0.9166666666666666,
    "recall_v": 0.88,
    "F1_v": 0.8979591836734694,
    "TN_t": 146,
    "TP_t": 44,
    "FP_t": 4,
    "FN_t": 6,
    "accuracy_t": 0.95,
    "precision_t": 0.9166666666666666,
    "recall_t": 0.88,
    "F1_t": 0.8979591836734694
}