{
    "unequal": 1,
    "n_neighbors": 14,
    "p": 1,
    "TN_v": 96,
    "TP_v": 50,
    "FP_v": 4,
    "FN_v": 0,
    "accuracy_v": 0.9733333333333334,
    "precision_v": 0.9259259259259259,
    "recall_v": 1.0,
    "F1_v": 0.9615384615384615
}