{
    "unequal": 1,
    "n_neighbors": 2,
    "TN_v": 99,
    "TP_v": 38,
    "FP_v": 1,
    "FN_v": 12,
    "accuracy_v": 0.9133333333333333,
    "precision_v": 0.9743589743589743,
    "recall_v": 0.76,
    "F1_v": 0.853932584269663,
    "TN_t": 150,
    "TP_t": 38,
    "FP_t": 0,
    "FN_t": 12,
    "accuracy_t": 0.94,
    "precision_t": 1.0,
    "recall_t": 0.76,
    "F1_t": 0.8636363636363636
}