{
    "unequal": 1,
    "n_neighbors": 1,
    "p": "cosine",
    "TN_v": 100,
    "TP_v": 41,
    "FP_v": 0,
    "FN_v": 9,
    "accuracy_v": 0.94,
    "precision_v": 1.0,
    "recall_v": 0.82,
    "F1_v": 0.9010989010989011,
    "TN_t": 149,
    "TP_t": 41,
    "FP_t": 1,
    "FN_t": 9,
    "accuracy_t": 0.95,
    "precision_t": 0.9761904761904762,
    "recall_t": 0.82,
    "F1_t": 0.8913043478260869
}