{
    "unequal": 1,
    "n_neighbors": 14,
    "p": 2,
    "TN_v": 2822,
    "TP_v": 1240,
    "FP_v": 78,
    "FN_v": 210,
    "accuracy_v": 0.9337931034482758,
    "precision_v": 0.9408194233687405,
    "recall_v": 0.8551724137931035,
    "F1_v": 0.8959537572254336,
    "TN_t": 4246,
    "TP_t": 1240,
    "FP_t": 104,
    "FN_t": 210,
    "accuracy_t": 0.9458620689655173,
    "precision_t": 0.9226190476190477,
    "recall_t": 0.8551724137931035,
    "F1_t": 0.8876163206871869
}