{
    "unequal": 1,
    "n_neighbors": 6,
    "p": "cosine",
    "TN_v": 599,
    "TP_v": 233,
    "FP_v": 1,
    "FN_v": 67,
    "accuracy_v": 0.9244444444444444,
    "precision_v": 0.9957264957264957,
    "recall_v": 0.7766666666666666,
    "F1_v": 0.8726591760299625,
    "TN_t": 898,
    "TP_t": 233,
    "FP_t": 2,
    "FN_t": 67,
    "accuracy_t": 0.9425,
    "precision_t": 0.9914893617021276,
    "recall_t": 0.7766666666666666,
    "F1_t": 0.8710280373831776
}