{
    "unequal": 1,
    "n_neighbors": 15,
    "p": "cosine",
    "TN_v": 1499,
    "TP_v": 591,
    "FP_v": 1,
    "FN_v": 159,
    "accuracy_v": 0.9288888888888889,
    "precision_v": 0.9983108108108109,
    "recall_v": 0.788,
    "F1_v": 0.8807749627421759,
    "TN_t": 2239,
    "TP_t": 591,
    "FP_t": 11,
    "FN_t": 159,
    "accuracy_t": 0.9433333333333334,
    "precision_t": 0.9817275747508306,
    "recall_t": 0.788,
    "F1_t": 0.8742603550295859
}