{
    "unequal": 1,
    "n_neighbors": 4,
    "p": 2,
    "TN_v": 1854,
    "TP_v": 808,
    "FP_v": 46,
    "FN_v": 142,
    "accuracy_v": 0.9340350877192982,
    "precision_v": 0.9461358313817331,
    "recall_v": 0.8505263157894737,
    "F1_v": 0.8957871396895788,
    "TN_t": 2791,
    "TP_t": 808,
    "FP_t": 59,
    "FN_t": 142,
    "accuracy_t": 0.9471052631578948,
    "precision_t": 0.9319492502883506,
    "recall_t": 0.8505263157894737,
    "F1_t": 0.8893780957622454
}