{
    "unequal": 1,
    "n_neighbors": 6,
    "p": 2,
    "TN_v": 2052,
    "TP_v": 895,
    "FP_v": 48,
    "FN_v": 155,
    "accuracy_v": 0.9355555555555556,
    "precision_v": 0.9490986214209968,
    "recall_v": 0.8523809523809524,
    "F1_v": 0.8981435022579026,
    "TN_t": 3083,
    "TP_t": 895,
    "FP_t": 67,
    "FN_t": 155,
    "accuracy_t": 0.9471428571428572,
    "precision_t": 0.9303534303534303,
    "recall_t": 0.8523809523809524,
    "F1_t": 0.889662027833002
}