{
    "unequal": 1,
    "n_neighbors": 12,
    "p": 2,
    "TN_v": 2632,
    "TP_v": 1152,
    "FP_v": 68,
    "FN_v": 198,
    "accuracy_v": 0.934320987654321,
    "precision_v": 0.9442622950819672,
    "recall_v": 0.8533333333333334,
    "F1_v": 0.8964980544747082,
    "TN_t": 3955,
    "TP_t": 1152,
    "FP_t": 95,
    "FN_t": 198,
    "accuracy_t": 0.9457407407407408,
    "precision_t": 0.9238171611868484,
    "recall_t": 0.8533333333333334,
    "F1_t": 0.8871775125144398
}