{
    "unequal": 1,
    "n_neighbors": 3,
    "p": "cosine",
    "TN_v": 300,
    "TP_v": 116,
    "FP_v": 0,
    "FN_v": 34,
    "accuracy_v": 0.9244444444444444,
    "precision_v": 1.0,
    "recall_v": 0.7733333333333333,
    "F1_v": 0.8721804511278195,
    "TN_t": 448,
    "TP_t": 116,
    "FP_t": 2,
    "FN_t": 34,
    "accuracy_t": 0.94,
    "precision_t": 0.9830508474576272,
    "recall_t": 0.7733333333333333,
    "F1_t": 0.8656716417910447
}