{
    "unequal": 1,
    "n_neighbors": 2,
    "p": 2,
    "TN_v": 1657,
    "TP_v": 721,
    "FP_v": 43,
    "FN_v": 129,
    "accuracy_v": 0.9325490196078431,
    "precision_v": 0.943717277486911,
    "recall_v": 0.8482352941176471,
    "F1_v": 0.8934324659231723,
    "TN_t": 2499,
    "TP_t": 721,
    "FP_t": 51,
    "FN_t": 129,
    "accuracy_t": 0.9470588235294117,
    "precision_t": 0.9339378238341969,
    "recall_t": 0.8482352941176471,
    "F1_t": 0.8890258939580764
}