{
    "unequal": 1,
    "n_neighbors": 13,
    "p": 2,
    "TN_v": 2727,
    "TP_v": 1196,
    "FP_v": 73,
    "FN_v": 204,
    "accuracy_v": 0.934047619047619,
    "precision_v": 0.9424743892829,
    "recall_v": 0.8542857142857143,
    "F1_v": 0.8962158111652304,
    "TN_t": 4100,
    "TP_t": 1196,
    "FP_t": 100,
    "FN_t": 204,
    "accuracy_t": 0.9457142857142857,
    "precision_t": 0.9228395061728395,
    "recall_t": 0.8542857142857143,
    "F1_t": 0.887240356083086
}