{
    "unequal": 1,
    "n_neighbors": 12,
    "p": 1,
    "TN_v": 1171,
    "TP_v": 506,
    "FP_v": 29,
    "FN_v": 94,
    "accuracy_v": 0.9316666666666666,
    "precision_v": 0.9457943925233645,
    "recall_v": 0.8433333333333334,
    "F1_v": 0.8916299559471365,
    "TN_t": 1766,
    "TP_t": 506,
    "FP_t": 34,
    "FN_t": 94,
    "accuracy_t": 0.9466666666666667,
    "precision_t": 0.937037037037037,
    "recall_t": 0.8433333333333334,
    "F1_t": 0.887719298245614
}