{
    "unequal": 1,
    "n_neighbors": 9,
    "p": 2,
    "TN_v": 2345,
    "TP_v": 1023,
    "FP_v": 55,
    "FN_v": 177,
    "accuracy_v": 0.9355555555555556,
    "precision_v": 0.9489795918367347,
    "recall_v": 0.8525,
    "F1_v": 0.8981562774363477,
    "TN_t": 3519,
    "TP_t": 1023,
    "FP_t": 81,
    "FN_t": 177,
    "accuracy_t": 0.94625,
    "precision_t": 0.9266304347826086,
    "recall_t": 0.8525,
    "F1_t": 0.8880208333333334
}