{
    "unequal": 1,
    "n_neighbors": 7,
    "p": 2,
    "TN_v": 2150,
    "TP_v": 938,
    "FP_v": 50,
    "FN_v": 162,
    "accuracy_v": 0.9357575757575758,
    "precision_v": 0.9493927125506073,
    "recall_v": 0.8527272727272728,
    "F1_v": 0.8984674329501917,
    "TN_t": 3228,
    "TP_t": 938,
    "FP_t": 72,
    "FN_t": 162,
    "accuracy_t": 0.9468181818181818,
    "precision_t": 0.9287128712871288,
    "recall_t": 0.8527272727272728,
    "F1_t": 0.8890995260663507
}