{
    "unequal": 1,
    "n_neighbors": 7,
    "p": 1,
    "TN_v": 690,
    "TP_v": 292,
    "FP_v": 10,
    "FN_v": 58,
    "accuracy_v": 0.9352380952380952,
    "precision_v": 0.9668874172185431,
    "recall_v": 0.8342857142857143,
    "F1_v": 0.8957055214723927,
    "TN_t": 1035,
    "TP_t": 292,
    "FP_t": 15,
    "FN_t": 58,
    "accuracy_t": 0.9478571428571428,
    "precision_t": 0.9511400651465798,
    "recall_t": 0.8342857142857143,
    "F1_t": 0.8888888888888888
}