{
    "unequal": 1,
    "n_neighbors": 4,
    "p": "cosine",
    "TN_v": 400,
    "TP_v": 155,
    "FP_v": 0,
    "FN_v": 45,
    "accuracy_v": 0.925,
    "precision_v": 1.0,
    "recall_v": 0.775,
    "F1_v": 0.8732394366197184,
    "TN_t": 598,
    "TP_t": 155,
    "FP_t": 2,
    "FN_t": 45,
    "accuracy_t": 0.94125,
    "precision_t": 0.9872611464968153,
    "recall_t": 0.775,
    "F1_t": 0.8683473389355743
}