{
    "unequal": 1,
    "n_neighbors": 6,
    "p": 1,
    "TN_v": 593,
    "TP_v": 250,
    "FP_v": 7,
    "FN_v": 50,
    "accuracy_v": 0.9366666666666666,
    "precision_v": 0.9727626459143969,
    "recall_v": 0.8333333333333334,
    "F1_v": 0.8976660682226212,
    "TN_t": 888,
    "TP_t": 250,
    "FP_t": 12,
    "FN_t": 50,
    "accuracy_t": 0.9483333333333334,
    "precision_t": 0.9541984732824428,
    "recall_t": 0.8333333333333334,
    "F1_t": 0.8896797153024911
}