{
    "unequal": 1,
    "n_neighbors": 14,
    "p": 1,
    "TN_v": 1363,
    "TP_v": 594,
    "FP_v": 37,
    "FN_v": 106,
    "accuracy_v": 0.9319047619047619,
    "precision_v": 0.9413629160063391,
    "recall_v": 0.8485714285714285,
    "F1_v": 0.8925619834710743,
    "TN_t": 2058,
    "TP_t": 594,
    "FP_t": 42,
    "FN_t": 106,
    "accuracy_t": 0.9471428571428572,
    "precision_t": 0.9339622641509434,
    "recall_t": 0.8485714285714285,
    "F1_t": 0.8892215568862276
}