{
    "unequal": 1,
    "n_neighbors": 13,
    "p": "cosine",
    "TN_v": 1299,
    "TP_v": 513,
    "FP_v": 1,
    "FN_v": 137,
    "accuracy_v": 0.9292307692307692,
    "precision_v": 0.9980544747081712,
    "recall_v": 0.7892307692307692,
    "F1_v": 0.8814432989690721,
    "TN_t": 1941,
    "TP_t": 513,
    "FP_t": 9,
    "FN_t": 137,
    "accuracy_t": 0.9438461538461539,
    "precision_t": 0.9827586206896551,
    "recall_t": 0.7892307692307692,
    "F1_t": 0.8754266211604095
}