{
    "unequal": 1,
    "n_neighbors": 11,
    "p": 1,
    "TN_v": 1075,
    "TP_v": 464,
    "FP_v": 25,
    "FN_v": 86,
    "accuracy_v": 0.9327272727272727,
    "precision_v": 0.9488752556237219,
    "recall_v": 0.8436363636363636,
    "F1_v": 0.8931665062560153,
    "TN_t": 1620,
    "TP_t": 464,
    "FP_t": 30,
    "FN_t": 86,
    "accuracy_t": 0.9472727272727273,
    "precision_t": 0.9392712550607287,
    "recall_t": 0.8436363636363636,
    "F1_t": 0.8888888888888888
}