{
    "unequal": 1,
    "n_neighbors": 10,
    "p": 2,
    "TN_v": 2442,
    "TP_v": 1066,
    "FP_v": 58,
    "FN_v": 184,
    "accuracy_v": 0.9354666666666667,
    "precision_v": 0.9483985765124555,
    "recall_v": 0.8528,
    "F1_v": 0.8980623420387532,
    "TN_t": 3665,
    "TP_t": 1066,
    "FP_t": 85,
    "FN_t": 184,
    "accuracy_t": 0.9462,
    "precision_t": 0.9261511728931364,
    "recall_t": 0.8528,
    "F1_t": 0.887963348604748
}