{
    "unequal": 1,
    "n_neighbors": 3,
    "p": 2,
    "TN_v": 1755,
    "TP_v": 765,
    "FP_v": 45,
    "FN_v": 135,
    "accuracy_v": 0.9333333333333333,
    "precision_v": 0.9444444444444444,
    "recall_v": 0.85,
    "F1_v": 0.8947368421052632,
    "TN_t": 2644,
    "TP_t": 765,
    "FP_t": 56,
    "FN_t": 135,
    "accuracy_t": 0.9469444444444445,
    "precision_t": 0.9317904993909866,
    "recall_t": 0.85,
    "F1_t": 0.8890180127832655
}