{
    "unequal": 1,
    "n_neighbors": 11,
    "p": 2,
    "TN_v": 2537,
    "TP_v": 1110,
    "FP_v": 63,
    "FN_v": 190,
    "accuracy_v": 0.9351282051282052,
    "precision_v": 0.9462915601023018,
    "recall_v": 0.8538461538461538,
    "F1_v": 0.8976951071572988,
    "TN_t": 3809,
    "TP_t": 1110,
    "FP_t": 91,
    "FN_t": 190,
    "accuracy_t": 0.9459615384615384,
    "precision_t": 0.9242298084929226,
    "recall_t": 0.8538461538461538,
    "F1_t": 0.8876449420231908
}