{
    "unequal": 1,
    "n_neighbors": 10,
    "p": 1,
    "TN_v": 979,
    "TP_v": 420,
    "FP_v": 21,
    "FN_v": 80,
    "accuracy_v": 0.9326666666666666,
    "precision_v": 0.9523809523809523,
    "recall_v": 0.84,
    "F1_v": 0.8926673751328373,
    "TN_t": 1474,
    "TP_t": 420,
    "FP_t": 26,
    "FN_t": 80,
    "accuracy_t": 0.947,
    "precision_t": 0.9417040358744395,
    "recall_t": 0.84,
    "F1_t": 0.8879492600422834
}