{
    "unequal": 1,
    "n_neighbors": 9,
    "p": 1,
    "TN_v": 883,
    "TP_v": 377,
    "FP_v": 17,
    "FN_v": 73,
    "accuracy_v": 0.9333333333333333,
    "precision_v": 0.9568527918781726,
    "recall_v": 0.8377777777777777,
    "F1_v": 0.8933649289099527,
    "TN_t": 1327,
    "TP_t": 377,
    "FP_t": 23,
    "FN_t": 73,
    "accuracy_t": 0.9466666666666667,
    "precision_t": 0.9425,
    "recall_t": 0.8377777777777777,
    "F1_t": 0.8870588235294119
}