{
    "unequal": 1,
    "n_neighbors": 5,
    "p": 2,
    "TN_v": 1953,
    "TP_v": 852,
    "FP_v": 47,
    "FN_v": 148,
    "accuracy_v": 0.935,
    "precision_v": 0.9477196885428254,
    "recall_v": 0.852,
    "F1_v": 0.8973143759873617,
    "TN_t": 2936,
    "TP_t": 852,
    "FP_t": 64,
    "FN_t": 148,
    "accuracy_t": 0.947,
    "precision_t": 0.9301310043668122,
    "recall_t": 0.852,
    "F1_t": 0.8893528183716075
}