{
    "unequal": 1,
    "n_neighbors": 8,
    "p": 2,
    "TN_v": 2249,
    "TP_v": 980,
    "FP_v": 51,
    "FN_v": 170,
    "accuracy_v": 0.9359420289855073,
    "precision_v": 0.950533462657614,
    "recall_v": 0.8521739130434782,
    "F1_v": 0.898670334708849,
    "TN_t": 3374,
    "TP_t": 980,
    "FP_t": 76,
    "FN_t": 170,
    "accuracy_t": 0.9465217391304348,
    "precision_t": 0.928030303030303,
    "recall_t": 0.8521739130434782,
    "F1_t": 0.8884859474161378
}