{
    "unequal": 1,
    "n_neighbors": 8,
    "p": 1,
    "TN_v": 787,
    "TP_v": 334,
    "FP_v": 13,
    "FN_v": 66,
    "accuracy_v": 0.9341666666666667,
    "precision_v": 0.962536023054755,
    "recall_v": 0.835,
    "F1_v": 0.894243641231593,
    "TN_t": 1182,
    "TP_t": 334,
    "FP_t": 18,
    "FN_t": 66,
    "accuracy_t": 0.9475,
    "precision_t": 0.9488636363636364,
    "recall_t": 0.835,
    "F1_t": 0.8882978723404256
}