{
    "unequal": 1,
    "n_neighbors": 13,
    "p": 1,
    "TN_v": 1267,
    "TP_v": 550,
    "FP_v": 33,
    "FN_v": 100,
    "accuracy_v": 0.9317948717948717,
    "precision_v": 0.9433962264150944,
    "recall_v": 0.8461538461538461,
    "F1_v": 0.8921330089213302,
    "TN_t": 1912,
    "TP_t": 550,
    "FP_t": 38,
    "FN_t": 100,
    "accuracy_t": 0.946923076923077,
    "precision_t": 0.935374149659864,
    "recall_t": 0.8461538461538461,
    "F1_t": 0.8885298869143781
}