{
    "unequal": 1,
    "n_neighbors": 7,
    "p": "cosine",
    "TN_v": 699,
    "TP_v": 273,
    "FP_v": 1,
    "FN_v": 77,
    "accuracy_v": 0.9257142857142857,
    "precision_v": 0.9963503649635036,
    "recall_v": 0.78,
    "F1_v": 0.875,
    "TN_t": 1047,
    "TP_t": 273,
    "FP_t": 3,
    "FN_t": 77,
    "accuracy_t": 0.9428571428571428,
    "precision_t": 0.9891304347826086,
    "recall_t": 0.78,
    "F1_t": 0.8722044728434505
}