{
    "unequal": 1,
    "n_neighbors": 15,
    "p": 1,
    "TN_v": 1459,
    "TP_v": 638,
    "FP_v": 41,
    "FN_v": 112,
    "accuracy_v": 0.932,
    "precision_v": 0.9396170839469808,
    "recall_v": 0.8506666666666667,
    "F1_v": 0.8929321203638909,
    "TN_t": 2204,
    "TP_t": 638,
    "FP_t": 46,
    "FN_t": 112,
    "accuracy_t": 0.9473333333333334,
    "precision_t": 0.9327485380116959,
    "recall_t": 0.8506666666666667,
    "F1_t": 0.889818688981869
}