{
    "unequal": 1,
    "n_neighbors": 5,
    "p": "cosine",
    "TN_v": 499,
    "TP_v": 195,
    "FP_v": 1,
    "FN_v": 55,
    "accuracy_v": 0.9253333333333333,
    "precision_v": 0.9948979591836735,
    "recall_v": 0.78,
    "F1_v": 0.874439461883408,
    "TN_t": 748,
    "TP_t": 195,
    "FP_t": 2,
    "FN_t": 55,
    "accuracy_t": 0.943,
    "precision_t": 0.9898477157360406,
    "recall_t": 0.78,
    "F1_t": 0.8724832214765101
}