{
    "unequal": 1,
    "n_neighbors": 15,
    "p": 2,
    "TN_v": 2917,
    "TP_v": 1284,
    "FP_v": 83,
    "FN_v": 216,
    "accuracy_v": 0.9335555555555556,
    "precision_v": 0.9392831016825165,
    "recall_v": 0.856,
    "F1_v": 0.8957098011859086,
    "TN_t": 4392,
    "TP_t": 1284,
    "FP_t": 108,
    "FN_t": 216,
    "accuracy_t": 0.946,
    "precision_t": 0.9224137931034483,
    "recall_t": 0.856,
    "F1_t": 0.8879668049792531
}