{
    "unequal": 1,
    "n_neighbors": 9,
    "p": "cosine",
    "TN_v": 899,
    "TP_v": 353,
    "FP_v": 1,
    "FN_v": 97,
    "accuracy_v": 0.9274074074074075,
    "precision_v": 0.9971751412429378,
    "recall_v": 0.7844444444444445,
    "F1_v": 0.8781094527363185,
    "TN_t": 1345,
    "TP_t": 353,
    "FP_t": 5,
    "FN_t": 97,
    "accuracy_t": 0.9433333333333334,
    "precision_t": 0.9860335195530726,
    "recall_t": 0.7844444444444445,
    "F1_t": 0.8737623762376238
}