{
    "unequal": 1,
    "n_neighbors": 5,
    "p": 1,
    "TN_v": 494,
    "TP_v": 208,
    "FP_v": 6,
    "FN_v": 42,
    "accuracy_v": 0.936,
    "precision_v": 0.9719626168224299,
    "recall_v": 0.832,
    "F1_v": 0.896551724137931,
    "TN_t": 741,
    "TP_t": 208,
    "FP_t": 9,
    "FN_t": 42,
    "accuracy_t": 0.949,
    "precision_t": 0.9585253456221198,
    "recall_t": 0.832,
    "F1_t": 0.8907922912205567
}