{
    "unequal": 1,
    "n_neighbors": 11,
    "p": "cosine",
    "TN_v": 1099,
    "TP_v": 433,
    "FP_v": 1,
    "FN_v": 117,
    "accuracy_v": 0.9284848484848485,
    "precision_v": 0.9976958525345622,
    "recall_v": 0.7872727272727272,
    "F1_v": 0.8800813008130081,
    "TN_t": 1643,
    "TP_t": 433,
    "FP_t": 7,
    "FN_t": 117,
    "accuracy_t": 0.9436363636363636,
    "precision_t": 0.9840909090909091,
    "recall_t": 0.7872727272727272,
    "F1_t": 0.8747474747474747
}