{
    "unequal": 1,
    "n_neighbors": 1,
    "p": 2,
    "TN_v": 1558,
    "TP_v": 681,
    "FP_v": 42,
    "FN_v": 119,
    "accuracy_v": 0.9329166666666666,
    "precision_v": 0.941908713692946,
    "recall_v": 0.85125,
    "F1_v": 0.8942875902823375,
    "TN_t": 2349,
    "TP_t": 681,
    "FP_t": 51,
    "FN_t": 119,
    "accuracy_t": 0.946875,
    "precision_t": 0.930327868852459,
    "recall_t": 0.85125,
    "F1_t": 0.8890339425587468
}