{
    "unequal": 1,
    "n_neighbors": 2,
    "p": "cosine",
    "TN_v": 200,
    "TP_v": 76,
    "FP_v": 0,
    "FN_v": 24,
    "accuracy_v": 0.92,
    "precision_v": 1.0,
    "recall_v": 0.76,
    "F1_v": 0.8636363636363636,
    "TN_t": 299,
    "TP_t": 76,
    "FP_t": 1,
    "FN_t": 24,
    "accuracy_t": 0.9375,
    "precision_t": 0.987012987012987,
    "recall_t": 0.76,
    "F1_t": 0.8587570621468925
}