{
    "unequal": 1,
    "n_neighbors": 1,
    "TN_v": 72,
    "TP_v": 9,
    "FP_v": 28,
    "FN_v": 41,
    "accuracy_v": 0.54,
    "precision_v": 0.24324324324324326,
    "recall_v": 0.18,
    "F1_v": 0.20689655172413796,
    "TN_t": 106,
    "TP_t": 13,
    "FP_t": 44,
    "FN_t": 37,
    "accuracy_t": 0.595,
    "precision_t": 0.22807017543859648,
    "recall_t": 0.26,
    "F1_t": 0.24299065420560748
}