{
    "unequal": 1,
    "n_neighbors": 10,
    "p": "cosine",
    "TN_v": 97,
    "TP_v": 43,
    "FP_v": 3,
    "FN_v": 7,
    "accuracy_v": 0.9333333333333333,
    "precision_v": 0.9347826086956522,
    "recall_v": 0.86,
    "F1_v": 0.8958333333333334,
    "TN_t": 146,
    "TP_t": 43,
    "FP_t": 4,
    "FN_t": 7,
    "accuracy_t": 0.945,
    "precision_t": 0.9148936170212766,
    "recall_t": 0.86,
    "F1_t": 0.8865979381443299
}