{
    "unequal": 1,
    "n_neighbors": 8,
    "p": "cosine",
    "TN_v": 799,
    "TP_v": 313,
    "FP_v": 1,
    "FN_v": 87,
    "accuracy_v": 0.9266666666666666,
    "precision_v": 0.9968152866242038,
    "recall_v": 0.7825,
    "F1_v": 0.8767507002801119,
    "TN_t": 1196,
    "TP_t": 313,
    "FP_t": 4,
    "FN_t": 87,
    "accuracy_t": 0.943125,
    "precision_t": 0.9873817034700315,
    "recall_t": 0.7825,
    "F1_t": 0.8730822873082288
}