{
    "unequal": 1,
    "n_neighbors": 10,
    "p": "cosine",
    "TN_v": 96,
    "TP_v": 43,
    "FP_v": 4,
    "FN_v": 7,
    "accuracy_v": 0.9266666666666666,
    "precision_v": 0.9148936170212766,
    "recall_v": 0.86,
    "F1_v": 0.8865979381443299,
    "TN_t": 147,
    "TP_t": 43,
    "FP_t": 3,
    "FN_t": 7,
    "accuracy_t": 0.95,
    "precision_t": 0.9347826086956522,
    "recall_t": 0.86,
    "F1_t": 0.8958333333333334
}