{
    "unequal": 1,
    "n_neighbors": 10,
    "p": "cosine",
    "TN_v": 999,
    "TP_v": 392,
    "FP_v": 1,
    "FN_v": 108,
    "accuracy_v": 0.9273333333333333,
    "precision_v": 0.9974554707379135,
    "recall_v": 0.784,
    "F1_v": 0.877939529675252,
    "TN_t": 1494,
    "TP_t": 392,
    "FP_t": 6,
    "FN_t": 108,
    "accuracy_t": 0.943,
    "precision_t": 0.9849246231155779,
    "recall_t": 0.784,
    "F1_t": 0.8730512249443207
}