{
    "unequal": 1,
    "n_neighbors": 3,
    "p": "cosine",
    "TN_v": 98,
    "TP_v": 44,
    "FP_v": 2,
    "FN_v": 6,
    "accuracy_v": 0.9466666666666667,
    "precision_v": 0.9565217391304348,
    "recall_v": 0.88,
    "F1_v": 0.9166666666666666,
    "TN_t": 145,
    "TP_t": 44,
    "FP_t": 5,
    "FN_t": 6,
    "accuracy_t": 0.945,
    "precision_t": 0.8979591836734694,
    "recall_t": 0.88,
    "F1_t": 0.888888888888889
}