{
    "unequal": 1,
    "n_neighbors": 9,
    "TN_v": 96,
    "TP_v": 43,
    "FP_v": 4,
    "FN_v": 7,
    "accuracy_v": 0.9266666666666666,
    "precision_v": 0.9148936170212766,
    "recall_v": 0.86,
    "F1_v": 0.8865979381443299,
    "TN_t": 145,
    "TP_t": 43,
    "FP_t": 5,
    "FN_t": 7,
    "accuracy_t": 0.94,
    "precision_t": 0.8958333333333334,
    "recall_t": 0.86,
    "F1_t": 0.8775510204081632
}