{
    "unequal": 1,
    "n_neighbors": 12,
    "p": "cosine",
    "TN_v": 1199,
    "TP_v": 472,
    "FP_v": 1,
    "FN_v": 128,
    "accuracy_v": 0.9283333333333333,
    "precision_v": 0.9978858350951374,
    "recall_v": 0.7866666666666666,
    "F1_v": 0.8797763280521901,
    "TN_t": 1792,
    "TP_t": 472,
    "FP_t": 8,
    "FN_t": 128,
    "accuracy_t": 0.9433333333333334,
    "precision_t": 0.9833333333333333,
    "recall_t": 0.7866666666666666,
    "F1_t": 0.8740740740740739
}