{
    "unequal": 1,
    "n_neighbors": 3,
    "TN_v": 99,
    "TP_v": 50,
    "FP_v": 1,
    "FN_v": 0,
    "accuracy_v": 0.9933333333333333,
    "precision_v": 0.9803921568627451,
    "recall_v": 1.0,
    "F1_v": 0.99009900990099,
    "TN_t": 148,
    "TP_t": 41,
    "FP_t": 2,
    "FN_t": 9,
    "accuracy_t": 0.945,
    "precision_t": 0.9534883720930233,
    "recall_t": 0.82,
    "F1_t": 0.8817204301075269
}