{
    "unequal": 1,
    "n_neighbors": 8,
    "p": "cosine",
    "TN_v": 99,
    "TP_v": 42,
    "FP_v": 1,
    "FN_v": 8,
    "accuracy_v": 0.94,
    "precision_v": 0.9767441860465116,
    "recall_v": 0.84,
    "F1_v": 0.9032258064516129,
    "TN_t": 146,
    "TP_t": 42,
    "FP_t": 4,
    "FN_t": 8,
    "accuracy_t": 0.94,
    "precision_t": 0.9130434782608695,
    "recall_t": 0.84,
    "F1_t": 0.8749999999999999
}