{
    "unequal": 1,
    "n_neighbors": 11,
    "p": "cosine",
    "TN_v": 95,
    "TP_v": 44,
    "FP_v": 5,
    "FN_v": 6,
    "accuracy_v": 0.9266666666666666,
    "precision_v": 0.8979591836734694,
    "recall_v": 0.88,
    "F1_v": 0.888888888888889,
    "TN_t": 144,
    "TP_t": 44,
    "FP_t": 6,
    "FN_t": 6,
    "accuracy_t": 0.94,
    "precision_t": 0.88,
    "recall_t": 0.88,
    "F1_t": 0.88
}