{
    "unequal": 1,
    "n_neighbors": 12,
    "TN_v": 95,
    "TP_v": 42,
    "FP_v": 5,
    "FN_v": 8,
    "accuracy_v": 0.9133333333333333,
    "precision_v": 0.8936170212765957,
    "recall_v": 0.84,
    "F1_v": 0.8659793814432989,
    "TN_t": 146,
    "TP_t": 42,
    "FP_t": 4,
    "FN_t": 8,
    "accuracy_t": 0.94,
    "precision_t": 0.9130434782608695,
    "recall_t": 0.84,
    "F1_t": 0.8749999999999999
}