{
    "unequal": 1,
    "n_neighbors": 14,
    "p": "cosine",
    "TN_v": 1399,
    "TP_v": 552,
    "FP_v": 1,
    "FN_v": 148,
    "accuracy_v": 0.929047619047619,
    "precision_v": 0.9981916817359855,
    "recall_v": 0.7885714285714286,
    "F1_v": 0.8810853950518756,
    "TN_t": 2090,
    "TP_t": 552,
    "FP_t": 10,
    "FN_t": 148,
    "accuracy_t": 0.9435714285714286,
    "precision_t": 0.9822064056939501,
    "recall_t": 0.7885714285714286,
    "F1_t": 0.8748019017432646
}