{
    "unequal": 1,
    "n_neighbors": 5,
    "p": "cosine",
    "TN_v": 99,
    "TP_v": 44,
    "FP_v": 1,
    "FN_v": 6,
    "accuracy_v": 0.9533333333333334,
    "precision_v": 0.9777777777777777,
    "recall_v": 0.88,
    "F1_v": 0.9263157894736842,
    "TN_t": 147,
    "TP_t": 44,
    "FP_t": 3,
    "FN_t": 6,
    "accuracy_t": 0.955,
    "precision_t": 0.9361702127659575,
    "recall_t": 0.88,
    "F1_t": 0.9072164948453608
}