{
    "r": 528,
    "TN_t": 144,
    "TP_t": 41,
    "FP_t": 6,
    "FN_t": 9,
    "accuracy_t": 0.925,
    "precision_t": 0.8723404255319149,
    "recall_t": 0.82,
    "F1_t": 0.8453608247422681
}