{
    "r": 4,
    "TN_t": 142,
    "TP_t": 40,
    "FP_t": 8,
    "FN_t": 10,
    "accuracy_t": 0.91,
    "precision_t": 0.8333333333333334,
    "recall_t": 0.8,
    "F1_t": 0.816326530612245
}