{
    "r": 1,
    "TN_t": 89,
    "TP_t": 28,
    "FP_t": 61,
    "FN_t": 22,
    "accuracy_t": 0.585,
    "precision_t": 0.3146067415730337,
    "recall_t": 0.56,
    "F1_t": 0.40287769784172667
}