{
    "r": 3,
    "TN_v": 96,
    "TP_v": 48,
    "FP_v": 4,
    "FN_v": 2,
    "accuracy_t": 0.96,
    "precision_t": 0.9230769230769231,
    "recall_t": 0.96,
    "F1_t": 0.9411764705882353
}