{
    "r": 3,
    "TN_t": 142,
    "TP_t": 39,
    "FP_t": 8,
    "FN_t": 11,
    "accuracy_t": 0.905,
    "precision_t": 0.8297872340425532,
    "recall_t": 0.78,
    "F1_t": 0.8041237113402062
}