{
    "r": 4,
    "TN_v": 97,
    "TP_v": 48,
    "FP_v": 3,
    "FN_v": 2,
    "accuracy_t": 0.9666666666666667,
    "precision_t": 0.9411764705882353,
    "recall_t": 0.96,
    "F1_t": 0.9504950495049505
}