{
    "r": 2,
    "TN_v": 96,
    "TP_v": 48,
    "FP_v": 4,
    "FN_v": 2,
    "accuracy_v": 0.96,
    "precision_v": 0.9230769230769231,
    "recall_v": 0.96,
    "F1_v": 0.9411764705882353,
    "TN_t": 142,
    "TP_t": 40,
    "FP_t": 8,
    "FN_t": 10,
    "accuracy_t": 0.91,
    "precision_t": 0.8333333333333334,
    "recall_t": 0.8,
    "F1_t": 0.816326530612245
}