{
    "r": 1,
    "TN_v": 64,
    "TP_v": 41,
    "FP_v": 36,
    "FN_v": 9,
    "accuracy_v": 0.7,
    "precision_v": 0.5324675324675324,
    "recall_v": 0.82,
    "F1_v": 0.6456692913385826,
    "TN_t": 89,
    "TP_t": 28,
    "FP_t": 61,
    "FN_t": 22,
    "accuracy_t": 0.585,
    "precision_t": 0.3146067415730337,
    "recall_t": 0.56,
    "F1_t": 0.40287769784172667
}