{
    "r": 111,
    "TN_v": 97,
    "TP_v": 49,
    "FP_v": 3,
    "FN_v": 1,
    "accuracy_t": 0.9733333333333334,
    "precision_t": 0.9423076923076923,
    "recall_t": 0.98,
    "F1_t": 0.9607843137254902
}