{
    "r": 83,
    "TN_v": 97,
    "TP_v": 49,
    "FP_v": 3,
    "FN_v": 1,
    "accuracy_v": 0.9733333333333334,
    "precision_v": 0.9423076923076923,
    "recall_v": 0.98,
    "F1_v": 0.9607843137254902,
    "TN_t": 144,
    "TP_t": 41,
    "FP_t": 6,
    "FN_t": 9,
    "accuracy_t": 0.925,
    "precision_t": 0.8723404255319149,
    "recall_t": 0.82,
    "F1_t": 0.8453608247422681
}