{
    "r": 1,
    "TN_v": 64,
    "TP_v": 41,
    "FP_v": 36,
    "FN_v": 9,
    "accuracy_t": 0.7,
    "precision_t": 0.5324675324675324,
    "recall_t": 0.82,
    "F1_t": 0.6456692913385826
}